[
  {
    "id": "PAT1750584263047KXVD1",
    "name": "namo venkatesa",
    "email": "surendra.muddu@gmail.com",
    "phone": "9963721999",
    "password": "namoji",
    "registrationDate": "2025-06-22T09:24:23.049Z",
    "status": "active"
  },
  {
    "id": "PAT175058493361662FHM",
    "name": "padmavathi devi",
    "email": "surendranehruhospital@gmail.com",
    "phone": "9963721999",
    "password": "om namoji",
    "registrationDate": "2025-06-22T09:35:33.616Z",
    "status": "active"
  },
  {
    "id": "PAT1750656347421GV0IE",
    "name": "david",
    "email": "homahealthcarecenter@gmail.com",
    "phone": "+919618127588",
    "password": "homaaa123",
    "registrationDate": "2025-06-23T05:25:47.422Z",
    "status": "active"
  }
]